query,status,matched_name,feature_type,kommune,east,north,dist_km,uncertainty_m,n_in_area,n_observations
Lordalen,ok,Lordalen,Dal,Lesja,474445.23,6884302.14,0.0,3000.0,1,31
Lesja,ambiguous,Lesja stasjon,Stasjon,Lesja,492375.7,6887394.28,18.2,1500.0,3,18
Skjåk,ok,Skjåk,Gard,Skjåk,466880.64,6860446.04,25.03,400.0,1,18
Aursjoen,ok,Aursjoen,Innsjø,Skjåk,461909.78,6867419.67,21.03,800.0,1,17
Tundradalen,needs_review,Svadalen,Dal,Lesja,476708.48,6892281.02,8.29,3000.0,3,17
Finndalen,ambiguous,Finndalen,Dal,"Lom,Vågå",489015.88,6865472.71,23.81,3000.0,2,16
Raudalen,needs_review,Raudbekken,Bekk,Lesja,493725.84,6892075.64,20.79,1500.0,12,13
Tverrfjellet,ambiguous,Tverrfjellet,Fjell,Lesja,475328.03,6890293.91,6.06,1200.0,2,11
Buanose,needs_review,Nose,Fjell,Lesja,497003.82,6888737.39,22.99,1200.0,2,10
Mårådalen,needs_review,Valådalen,Dal,Lesja,471544.96,6892022.62,8.25,3000.0,9,10
Råkåvatnet,ok,Råkåvatnet,Vann,Lom,476825.56,6869225.81,15.26,800.0,1,10
Asbjørnsdalen,ok,Asbjørnsdalen,Dal,Lesja,456030.4,6898455.26,23.23,3000.0,1,6
Grøndalen,ambiguous,Grøndalen,Dal,Lesja,480006.51,6890988.03,8.7,3000.0,2,6
Horrungen,ok,Horrungen,Fjell,Skjåk,470344.85,6867308.59,17.48,1200.0,1,6
Lundadalen,needs_review,Lordalen,Dal,Lesja,474445.23,6884302.14,0.0,3000.0,21,6
Grjotådalen,fuzzy,Grøndalen,Dal,Lesja,480006.51,6890988.03,8.7,3000.0,8,5
Heggebottfly,ambiguous,Indre Heggebottflyi,Hei,Skjåk,453195.84,6873339.69,23.91,2500.0,2,5
Heggebottflye,fuzzy,Indre Heggebottflyi,Hei,Skjåk,453195.84,6873339.69,23.91,2500.0,4,5
Skjåkgrunn,needs_review,Skjåk,Gard,Skjåk,466880.64,6860446.04,25.03,400.0,1,5
Sveinbu,ambiguous,Sveinbui,Fritidsbolig,Skjåk,454855.78,6874412.5,21.94,1500.0,2,5
Gjelåflaten,needs_review,Viflaten,Slette,Lesja,479836.76,6893761.82,10.89,1500.0,6,4
Huguvarden,needs_review,Varden,Varde,Lesja,484485.3,6892934.19,13.24,1200.0,2,4
Kollongen,fuzzy,Kollen,Topp,Lesja,491981.83,6894974.6,20.53,1200.0,5,4
Lom,ambiguous,Lom stavkyrkje,Kirke,Lom,477152.62,6856410.19,28.02,1500.0,2,4
Skjellflye,needs_review,Skjellbekken,Bekk,Lesja,484159.6,6885176.37,9.75,1500.0,2,4
Sotflye,needs_review,Flye,Hei,Lesja,469765.34,6895151.37,11.82,2500.0,3,4
Glittervatnet,needs_review,Storvatnet,Vann,"Skjåk,Lesja",448149.49,6890066.11,26.92,800.0,2,3
Leirungsvatnet,ok,Leirungsvatnet,Vann,Skjåk,473479.58,6871213.82,13.12,800.0,1,3
Liafjellet,needs_review,Tverrfjellet,Fjell,Lesja,475328.03,6890293.91,6.06,1200.0,16,3
Storhøa,ok,Storhøa,Fjell,"Rauma,Skjåk",447075.93,6894355.94,29.16,1200.0,1,3
Aukarsvatnet,ok,Aukarsvatnet,Vann,Skjåk,461168.24,6870621.58,19.06,800.0,1,2
Billingen,fuzzy,Fillinge,Elv,Lesja,491628.84,6894155.4,19.81,1500.0,2,2
Finndalsområdet,fuzzy,Finndalshorungen,Fjell,Lom,473622.89,6867260.91,17.06,1200.0,5,2
Framrusthovden,not_found,,,,,,,,0,2
Føysa,needs_review,Føystjønne,Tjern,Skjåk,445757.58,6877747.61,29.43,800.0,1,2
Føysfjellet,needs_review,Tverrfjellet,Fjell,Lesja,475328.03,6890293.91,6.06,1200.0,17,2
Kollongshaugane,not_found,,,,,,,,0,2
Kvennåa,needs_review,Kvennbekken,Bekk,Lesja,474685.97,6896864.9,12.57,1500.0,10,2
Mårådalsbenken,not_found,,,,,,,,0,2
Raubergsløyftet,needs_review,Søre Løyftet,Skar,Lesja,460163.71,6883415.66,14.31,1500.0,2,2
Råkåkampen,needs_review,Kampen,Topp,Lesja,468762.81,6896434.6,13.4,1200.0,4,2
Skarvedalen,ok,Skarvedalen,Dal,"Lesja,Skjåk",454214.97,6880396.91,20.6,3000.0,1,2
Skjellom,needs_review,Skjellbekken,Bekk,Lesja,484159.6,6885176.37,9.75,1500.0,6,2
Skridulaupen,needs_review,Skriduhøi,Fjell,Skjåk,461180.75,6869873.64,19.6,1200.0,7,2
Skurveosen,ok,Skurveosen,Slette,Lesja,451442.8,6892958.8,24.58,1500.0,1,2
Skåpet,fuzzy,Skåre,Skar,Skjåk,462827.11,6862326.85,24.86,1500.0,1,2
Stamåtjern,fuzzy,Stamåtjønnin,Gruppe av vann,Skjåk,449605.24,6873878.77,26.94,800.0,1,2
Storskaret,fuzzy,Storskardet,Skar,"Lesja,Skjåk",474131.0,6874062.9,10.24,1500.0,1,2
Storvatnet,ok,Storvatnet,Vann,"Skjåk,Lesja",448149.49,6890066.11,26.92,800.0,1,2
Styggehøe,needs_review,Styggeværskvila,Annen terrengdetalj,Skjåk,468821.8,6870330.46,15.06,1500.0,4,2
Trihø,ok,Trihøin,Fjell,Lesja,472495.81,6876168.62,8.36,1200.0,1,2
Tundradalsbotn,needs_review,Tundradalsvegen,Adressenavn,Skjåk,452634.49,6864908.98,29.19,1500.0,1,2
Åfottjønnen,fuzzy,Åflotjønne,Tjern,Skjåk,457373.72,6872196.93,20.93,800.0,2,2
Breidalseggje,needs_review,Skarvedalseggen,Fjell,Skjåk,451952.97,6879902.08,22.92,1200.0,2,1
Brettinga,fuzzy,Brettingstungan,Fjellside,Lom,483824.0,6869645.89,17.4,1200.0,5,1
Brettingskollen,ok,Brettingskollan,Topp,Lom,483826.97,6866802.96,19.86,1200.0,1,1
Bråtådalføret,not_found,,,,,,,,0,1
Dyringshøe,needs_review,Fellingshøi,Fjell,Skjåk,467492.74,6873626.62,12.74,1200.0,6,1
Døktene,fuzzy,Søre Døkti,Botn,Skjåk,471893.97,6864300.84,20.16,1500.0,1,1
Einstulkampen,needs_review,Kampen,Topp,Lesja,468762.81,6896434.6,13.4,1200.0,6,1
Fellinghøi,ok,Fellinghøi,Fjell,Skjåk,468086.0,6874408.9,11.76,1200.0,1,1
Fellingshø,ok,Fellingshøi,Fjell,Skjåk,467492.74,6873626.62,12.74,1200.0,1,1
Fellingshøe,ok,Fellingshøi,Fjell,Skjåk,467492.74,6873626.62,12.74,1200.0,1,1
Fellingskroken,fuzzy,Fellingkroken,Juv,Lesja,468628.79,6877991.78,8.58,1500.0,5,1
Fellingvatnet,ok,Fellingvatnet,Vann,Lesja,466329.58,6875146.9,12.23,800.0,1,1
Finndalsgrunn,fuzzy,Finndalshorungen,Fjell,Lom,473622.89,6867260.91,17.06,1200.0,5,1
Gjelingsdalen,fuzzy,Gjerdingsdalen,Dal,Lom,490436.89,6871122.95,20.72,3000.0,3,1
Gjelutbotn,ok,Gjelutbotnen,Botn,Lesja,468633.78,6886637.63,6.26,1500.0,1,1
Gjerdinghøe,ok,Gjerdinghøe,Fjell,Lom,489603.96,6869707.81,21.04,1200.0,1,1
Gjerdingshøe,needs_review,Fellingshøi,Fjell,Skjåk,467492.74,6873626.62,12.74,1200.0,12,1
Grjothøa,needs_review,Gråhøe,Fjell,Lesja,481518.83,6877989.02,9.48,1200.0,9,1
Gråhø,ok,Gråhø,Fjell,Lesja,451459.93,6882987.29,23.02,1200.0,1,1
Gråhøflye,ok,Gråhøflyi,Slette,Lom,480643.91,6870116.76,15.48,1500.0,1,1
Heggebottflyen,fuzzy,Indre Heggebottflyi,Hei,Skjåk,453195.84,6873339.69,23.91,2500.0,5,1
Honnsjoen,ok,Honnsjoen,Vann,Lom,477008.61,6863208.96,21.25,800.0,1,1
Jehanshøa,fuzzy,Jehanstjønne,Tjern,Skjåk,465735.73,6871805.64,15.23,800.0,3,1
Jehanshøe,needs_review,Jehanstjønne,Tjern,Skjåk,465735.73,6871805.64,15.23,800.0,3,1
Juvkampen,fuzzy,Kampen,Topp,Lesja,468762.81,6896434.6,13.4,1200.0,4,1
Kjerringtjønnen,needs_review,Kjerringhøe,Haug,Lesja,490583.49,6898996.22,21.83,1500.0,1,1
Kjølen,ok,Kjølen,Fjell,Lesja,483296.9,6878796.76,10.42,1200.0,1,1
Kollongshaugan,needs_review,Kvilhaugan,Haug,Lesja,466945.7,6902928.04,20.08,1500.0,1,1
Kollungshaugane,not_found,,,,,,,,0,1
Kringla,ok,Kringla,Ås,Lesja,467011.78,6882808.51,7.58,1500.0,1,1
Kroketetjern,fuzzy,Kroketetjønne,Vann,Skjåk,454496.83,6870823.59,24.08,800.0,3,1
Kroketetjønne,ok,Kroketetjønne,Vann,Skjåk,454496.83,6870823.59,24.08,800.0,1,1
Langvassegga,not_found,,,,,,,,0,1
Lauvknubben,ok,Lauvknubben,Fjell,Lom,487801.58,6870233.41,19.4,1200.0,1,1
Leirungshøe,ok,Leirungshøe,Fjell,Lom,472753.86,6868345.89,16.05,1200.0,1,1
Lesjasida,fuzzy,Lesjaleira,Mo,Lesja,484506.74,6887823.4,10.66,1500.0,9,1
Lokkerbakkan,ok,Låkkerbakkan,Bakke,Lom,478280.98,6865409.69,19.28,1500.0,1,1
Lokkerbakkane,fuzzy,Låkkerbakkan,Bakke,Lom,478280.98,6865409.69,19.28,1500.0,3,1
Meborrotjønne,needs_review,Myrtjønne,Tjern,Lesja,478399.28,6893446.4,9.96,800.0,7,1
Mjølahaugan,ok,Mjølahaugan,Fjell,Skjåk,455564.77,6870862.39,23.18,1200.0,1,1
Mjølahaugen,needs_review,Haugen,Eiendom,Lesja,483506.97,6890789.37,11.14,1500.0,16,1
Nordre Skarvehøe,fuzzy,Søre Skarvhøe,Fjell,Lesja,467587.17,6891654.55,10.05,1200.0,13,1
Nordre Vigga,ok,Nørdre Vigga,Seter/støl,Lesja,483398.51,6885093.91,8.99,400.0,1,1
Nysetra,needs_review,Nysætri,Seter/støl,Lesja,466375.7,6880445.22,8.94,400.0,2,1
Nørdre Dalen,ambiguous,Nørdre Dalen,Dal,Lesja,452749.77,6895127.44,24.25,3000.0,2,1
Nørdre Løyftet,ok,Nørdre Løyftet,Skar,Lesja,458447.24,6882576.41,16.09,1500.0,1,1
Nørdre Svarthaugen,ok,Nørdre Svarthaugen,Haug,Skjåk,451956.92,6877912.94,23.38,1500.0,1,1
Raubergsløftet,needs_review,Raudbergi,Fjell,Lesja,466729.25,6897762.78,15.52,1200.0,2,1
Raudalsvatnet,needs_review,Skarvedalsvatnet,Vann,Skjåk,450874.59,6881197.89,23.77,800.0,3,1
Resskulan,fuzzy,Resvollan,Bruk,Lom,472876.8,6859082.74,25.27,400.0,1,1
Ruphovden,ok,Ruphovden,Fjell,Skjåk,473619.93,6863444.72,20.87,1200.0,1,1
Ryggehø,fuzzy,Rygghøe,Fjell,Lesja,476582.09,6876893.99,7.71,1200.0,5,1
Sandåa,fuzzy,Sandranden,Haug,Lesja,481780.17,6887520.41,8.01,1500.0,29,1
Sekken,needs_review,Skalbekken,Bekk,Lesja,476751.59,6892461.18,8.48,1500.0,25,1
Skardtind,ok,Skardtind,Fjell,"Lesja,Skjåk,Lom",478602.14,6875129.8,10.07,1200.0,1,1
Skartind,fuzzy,Skardåe,Bekk,Lesja,478425.5,6885148.02,4.07,1500.0,7,1
Skarvedalsmunninga,needs_review,Skarvedalsreset,Skar,Lesja,457390.94,6880279.69,17.52,1500.0,6,1
Skautflye,not_found,,,,,,,,0,1
Skrilaupen,needs_review,Skriu,Li,Lesja,470514.41,6882262.5,4.43,1500.0,7,1
Sota,needs_review,Nordli,Bruk,Skjåk,453088.82,6863949.61,29.5,400.0,1,1
Sotfly,needs_review,Nordli,Bruk,Skjåk,453088.82,6863949.61,29.5,400.0,1,1
Sotlfye,not_found,,,,,,,,0,1
Sotskarvet,needs_review,Bråskarvet,Bakke,Lom,478195.99,6866147.97,18.54,1500.0,3,1
Sottjønnen,needs_review,Svatjønne,Tjern,Lesja,476822.39,6890873.75,6.99,800.0,9,1
Sovarhaugen,ok,Sovarhaugen,Haug,Lesja,457671.92,6887342.89,17.05,1500.0,1,1
Spongi,needs_review,Spongtjønne,Vann,"Skjåk,Lesja",447802.05,6892197.3,27.79,800.0,4,1
Spongvatnet,ok,Spongvatnet,Vann,Skjåk,445983.09,6891604.19,29.38,800.0,1,1
Stamåa,fuzzy,Stamåhjulet,Fjell,Skjåk,449075.64,6879146.49,25.89,1200.0,5,1
Stamåfly,needs_review,Stamåhjulet,Fjell,Skjåk,449075.64,6879146.49,25.89,1200.0,4,1
Steindalen,needs_review,Strypdalen,Dal,Lesja,481687.34,6887425.6,7.89,3000.0,36,1
Steinflya,needs_review,Steinbotnen,Botn,Lesja,465184.74,6885585.74,9.35,1500.0,13,1
Steinflye,ok,Steinflyi,Fjellside,Lom,482892.89,6871298.88,15.51,1200.0,1,1
Storberka,fuzzy,Storåe,Bekk,Lesja,474330.79,6882422.38,1.88,1500.0,10,1
Storbrettingskollen,ok,Storbrettingskollen,Fjell,Lom,486657.96,6873213.93,16.5,1200.0,1,1
Storhøhytta,ok,Storhøhytta,Seter/støl,Skjåk,470318.45,6873463.64,11.6,400.0,1,1
Storhøi,ambiguous,Storhøi,Topp,Skjåk,472241.8,6875656.67,8.92,1200.0,3,1
Storvassområdet,needs_review,Storvassbue,"Bygg for jordbruk, fiske og fangst",Lesja,449437.6,6890693.0,25.81,400.0,3,1
Svaåfjellet,needs_review,Tverrfjellet,Fjell,Lesja,475328.03,6890293.91,6.06,1200.0,17,1
Søre Døkte,needs_review,Søre Djupdalen,Dal,Lesja,480640.79,6892099.63,9.96,3000.0,26,1
Søre Døkti,ok,Søre Døkti,Botn,Skjåk,471893.97,6864300.84,20.16,1500.0,1,1
Søre Løyfte,ok,Søre Løyftet,Skar,Lesja,460163.71,6883415.66,14.31,1500.0,1,1
Trihøen,ok,Trihøin,Fjell,Lesja,472495.81,6876168.62,8.36,1200.0,1,1
Tverrbotnen,fuzzy,Merrabotnen,Botn,Lesja,477977.37,6901360.21,17.42,1500.0,16,1
Tverrbytten,fuzzy,Tverrbekkene,Bekk,Lesja,456438.95,6898376.92,22.85,1500.0,9,1
Vassvendeggje,needs_review,Vassveite,Kanal,Lesja,488877.02,6890307.52,15.63,1500.0,5,1
Viahøe,not_found,,,,,,,,0,1
Viergrove,needs_review,Grove,Bekk,Lesja,473924.94,6893207.22,8.92,1500.0,9,1
Vulu,ok,Vulu,Elv,Lom,482716.02,6856124.75,29.37,1500.0,1,1
Åfottjern,not_found,,,,,,,,0,1
